{
  "target": "nb_classes",
  "model": "ridge",
  "metrics": {
    "rmse": 5.798104753229293,
    "mae": 3.9812311351055536,
    "r2": 0.8539815984039656,
    "mape": 30.173600322869397,
    "cv_r2_mean": 0.9166640340241361,
    "cv_r2_std": 0.048082140031324404,
    "overfit_gap": 0.06362130009139166,
    "selection_score": 0.9166640340241361
  },
  "features": [
    "population",
    "pop_0_14_pct",
    "natalite",
    "nb_permis_logements",
    "nb_enfants_0_14",
    "taux_croissance_logements",
    "densite_natalite",
    "pct_collectif"
  ],
  "use_engineering": true,
  "use_spatial_cv": true,
  "use_lags": false,
  "trained_at": "2026-07-15T10:29:00.717955",
  "n_samples": 688
}