{
  "target": "nb_eleves_maternelle",
  "model": "ridge",
  "metrics": {
    "rmse": 55.793998207703694,
    "mae": 42.56594745596152,
    "r2": 0.8632016345769851,
    "mape": 17.984488459858543,
    "cv_r2_mean": 0.9157614958508411,
    "cv_r2_std": 0.04278414868248135,
    "overfit_gap": 0.0729826159875806,
    "selection_score": 0.9157614958508411
  },
  "features": [
    "population",
    "pop_0_14_pct",
    "natalite",
    "nb_permis_logements",
    "nb_enfants_0_14",
    "taux_croissance_logements",
    "densite_natalite",
    "pct_collectif"
  ],
  "use_engineering": true,
  "use_spatial_cv": true,
  "use_lags": false,
  "trained_at": "2026-07-15T10:28:51.133668",
  "n_samples": 688
}