{
  "target": "nb_eleves_maternelle",
  "model": "ridge",
  "metrics": {
    "rmse": 55.52676122264262,
    "mae": 42.35456620777611,
    "r2": 0.864508944819193,
    "mape": 17.793641317090366,
    "cv_r2_mean": 0.9159719502825077,
    "cv_r2_std": 0.04253621397951818,
    "overfit_gap": 0.07277209427261988
  },
  "features": [
    "population",
    "pop_0_14_pct",
    "natalite",
    "nb_permis_logements",
    "nb_enfants_0_14",
    "taux_croissance_logements",
    "densite_natalite",
    "pct_collectif"
  ],
  "use_engineering": true,
  "use_spatial_cv": true,
  "use_lags": false,
  "trained_at": "2026-07-07T07:13:59.024899",
  "n_samples": 688
}