{
  "target": "nb_eleves_elementaire",
  "model": "gradient_boosting",
  "metrics": {
    "rmse": 101.59204235461941,
    "mae": 42.118585995324956,
    "r2": 0.9958406554808418,
    "mape": 8.898119834242756,
    "cv_r2_mean": 0.9919675774612406
  },
  "features": [
    "population",
    "pop_0_14_pct",
    "natalite",
    "densite",
    "log_collectif",
    "log_individuel",
    "plh_logements",
    "nb_mutations",
    "nb_permis_logements"
  ],
  "trained_at": "2026-07-03T14:05:40.256358",
  "n_samples": 688
}