{
  "target": "nb_eleves_elementaire",
  "model": "ridge",
  "metrics": {
    "rmse": 56.328360170620954,
    "mae": 44.454594580072104,
    "r2": 0.9470664343775194,
    "mape": 19.966001527456157,
    "cv_r2_mean": 0.9409927348927812,
    "cv_r2_std": 0.03988441284698777,
    "overfit_gap": 0.04464972221888963,
    "selection_score": 0.9409927348927812
  },
  "features": [
    "population",
    "pop_0_14_pct",
    "natalite",
    "nb_permis_logements",
    "nb_enfants_0_14",
    "taux_croissance_logements",
    "densite_natalite",
    "pct_collectif"
  ],
  "use_engineering": true,
  "use_spatial_cv": true,
  "use_lags": false,
  "trained_at": "2026-07-15T10:28:56.113567",
  "n_samples": 688
}