{
  "target": "nb_eleves_elementaire",
  "model": "linear_regression",
  "metrics": {
    "rmse": 57.740757747310944,
    "mae": 45.632150820171134,
    "r2": 0.9443786032468634,
    "mape": 20.033870073052277,
    "cv_r2_mean": 0.9425074451060883,
    "cv_r2_std": 0.03766515891282634,
    "overfit_gap": 0.04316240396393456
  },
  "features": [
    "population",
    "pop_0_14_pct",
    "natalite",
    "nb_permis_logements",
    "nb_enfants_0_14",
    "taux_croissance_logements",
    "densite_natalite",
    "pct_collectif"
  ],
  "use_engineering": true,
  "use_spatial_cv": true,
  "use_lags": false,
  "trained_at": "2026-07-07T07:14:02.718941",
  "n_samples": 688
}