{
  "nb_eleves_maternelle": {
    "best_model": "ridge",
    "rmse": 55.52676122264262,
    "mae": 42.35456620777611,
    "r2": 0.864508944819193,
    "mape": 17.793641317090366,
    "cv_r2_mean": 0.9159719502825077,
    "cv_r2_std": 0.04253621397951818,
    "overfit_gap": 0.07277209427261988
  },
  "nb_eleves_elementaire": {
    "best_model": "linear_regression",
    "rmse": 57.740757747310944,
    "mae": 45.632150820171134,
    "r2": 0.9443786032468634,
    "mape": 20.033870073052277,
    "cv_r2_mean": 0.9425074451060883,
    "cv_r2_std": 0.03766515891282634,
    "overfit_gap": 0.04316240396393456
  },
  "nb_classes": {
    "best_model": "ridge",
    "rmse": 6.041154893679618,
    "mae": 4.164763701182909,
    "r2": 0.8414831558956117,
    "mape": 32.739940249753566,
    "cv_r2_mean": 0.9168939239871783,
    "cv_r2_std": 0.0472298393211651,
    "overfit_gap": 0.06339602896013474
  }
}