{
  "nb_eleves_maternelle": {
    "best_model": "ridge",
    "rmse": 55.793998207703694,
    "mae": 42.56594745596152,
    "r2": 0.8632016345769851,
    "mape": 17.984488459858543,
    "cv_r2_mean": 0.9157614958508411,
    "cv_r2_std": 0.04278414868248135,
    "overfit_gap": 0.0729826159875806,
    "selection_score": 0.9157614958508411
  },
  "nb_eleves_elementaire": {
    "best_model": "ridge",
    "rmse": 56.328360170620954,
    "mae": 44.454594580072104,
    "r2": 0.9470664343775194,
    "mape": 19.966001527456157,
    "cv_r2_mean": 0.9409927348927812,
    "cv_r2_std": 0.03988441284698777,
    "overfit_gap": 0.04464972221888963,
    "selection_score": 0.9409927348927812
  },
  "nb_classes": {
    "best_model": "ridge",
    "rmse": 5.798104753229293,
    "mae": 3.9812311351055536,
    "r2": 0.8539815984039656,
    "mape": 30.173600322869397,
    "cv_r2_mean": 0.9166640340241361,
    "cv_r2_std": 0.048082140031324404,
    "overfit_gap": 0.06362130009139166,
    "selection_score": 0.9166640340241361
  }
}