{
  "nb_eleves_maternelle": {
    "best_model": "gradient_boosting",
    "rmse": 48.82343643725248,
    "mae": 23.5275447583929,
    "r2": 0.9979692399449475,
    "mape": 10.55986614866763,
    "cv_r2_mean": 0.9980702321849023
  },
  "nb_eleves_elementaire": {
    "best_model": "gradient_boosting",
    "rmse": 101.59204235461941,
    "mae": 42.118585995324956,
    "r2": 0.9958406554808418,
    "mape": 8.898119834242756,
    "cv_r2_mean": 0.9919675774612406
  },
  "nb_classes": {
    "best_model": "gradient_boosting",
    "rmse": 7.7231911407737295,
    "mae": 2.750794494101992,
    "r2": 0.9954854764447443,
    "mape": 8.336918080003661,
    "cv_r2_mean": 0.9847216215694177
  }
}